3.278881397773141693e+00,3.296758039684270170e+00,3.314152945585779886e+00,3.331655925222151371e+00,3.352567405110925769e+00,3.428207290949909503e+00,3.382377039978957001e+00,3.392271314444375019e+00,3.409718287001916259e+00,3.432874613260670227e+00,3.417844920855362290e+00,3.446295191586590256e+00,3.414371939116333632e+00,3.436450320341709386e+00,3.400826441559919200e+00,3.366048335543895931e+00,3.316208866784403408e+00,3.257248149313429764e+00,3.102079650282664858e+00,2.879277296704474853e+00,2.328506348829953332e+00,1.920632150197635113e+00,1.475158504983435925e+00,8.774479929875900197e-01,-2.947070934568625233e-01,-3.591384912279966812e-01,6.817458516501169186e-01,1.140028595434425362e+00,1.428115726884169767e+00,1.634470969505070315e+00,1.793065968703944080e+00,1.920513014266761687e+00,2.026150050800124003e+00,2.115731894840868321e+00,2.193046115384017725e+00,2.260712002898916939e+00,2.320612386390896731e+00,2.374143493132108151e+00,2.422367563214622432e+00,2.466110266227404146e+00,2.506025203843015969e+00,2.542637961632618904e+00,2.576377002713561737e+00,2.607595837463068555e+00,2.636589256338990772e+00,2.663605428874884495e+00,2.688855065365690411e+00,2.712518453359521686e+00,2.734750931382916583e+00,2.755687196526247718e+00
3.291658727510525129e+00,3.278706787222901209e+00,3.294873833625239889e+00,3.311632163297622444e+00,3.328533684864891207e+00,3.348298028241431190e+00,3.418509568418699907e+00,3.377492677965272527e+00,3.385148786558667133e+00,3.402871051359060761e+00,3.414361363102303315e+00,3.403985175938582408e+00,3.446385881197962853e+00,3.393151598719572171e+00,3.374036591788127204e+00,3.348168944469068098e+00,3.296112753888124303e+00,3.272365838483390466e+00,3.126979853568847556e+00,2.978651705931654181e+00,2.417847334049837205e+00,1.977288646582447740e+00,1.519940089253415394e+00,9.155528859773989225e-01,-2.610385224994713482e-01,-3.286995308977749275e-01,7.096932451837512090e-01,1.165974994255123853e+00,1.452407038725113786e+00,1.657362107099581650e+00,1.814751341553950681e+00,1.941145010301759122e+00,2.045850827250567328e+00,2.134601220330181626e+00,2.211166769014152322e+00,2.278153601318932520e+00,2.337434165049954604e+00,2.390396371593916491e+00,2.438095708029607955e+00,2.481352293426282163e+00,2.520815117918765669e+00,2.557005898505051000e+00,2.590349824621974495e+00,2.621197614442161594e+00,2.649841659722993459e+00,2.676528055780369897e+00,2.701465708451317838e+00,2.724833326779970033e+00,2.746784861364466757e+00,2.767453783135489953e+00
3.237896824458315503e+00,3.270605602450393778e+00,3.281257127709068300e+00,3.293103070268713850e+00,3.308691732786364081e+00,3.324745242919756816e+00,3.343374328455447575e+00,3.394205726536152934e+00,3.371223532116411903e+00,3.376506394924791099e+00,3.395659277142948351e+00,3.394871995324142855e+00,3.389118304635394985e+00,3.387657996617798872e+00,3.385251202890120048e+00,3.341969954408535504e+00,3.308746568749266981e+00,3.240458374932277508e+00,3.144881803619951732e+00,2.997051688112786216e+00,2.538522846994138327e+00,2.039769546807275624e+00,1.567437853489217048e+00,9.552700529003201879e-01,-2.262968085965422205e-01,-2.974975313547858491e-01,7.382063778408802790e-01,1.192352677617999568e+00,1.477033326470623464e+00,1.680516578003937944e+00,1.836645150587520092e+00,1.961942361728269191e+00,2.065682482682333898e+00,2.153573379309249525e+00,2.229367123743528190e+00,2.295655592894161323e+00,2.354300054406375242e+00,2.406679505630938465e+00,2.453842224937623495e+00,2.496602428314844246e+00,2.535604217824769968e+00,2.571365222309623277e+00,2.604307181227922374e+00,2.634777877579141059e+00,2.663067187420714799e+00,2.689419035305143701e+00,2.714040442335356573e+00,2.737108471834501788e+00,2.758775629825534814e+00,2.779174113054637907e+00
3.217757201736231920e+00,3.236070525872258852e+00,3.260066393050281341e+00,3.293898191071594539e+00,3.291748490094647206e+00,3.305311868992826252e+00,3.320176429824665210e+00,3.337564356796429710e+00,3.381506077550144873e+00,3.363129635654381833e+00,3.366046600423763913e+00,3.389624204902839555e+00,3.373631453589373219e+00,3.376410546362104359e+00,3.351384703834093592e+00,3.340184935162207935e+00,3.304773775919824352e+00,3.235881578218457566e+00,3.155426478515911182e+00,3.029753158839294969e+00,2.731457182016838292e+00,2.110145564968524123e+00,1.618184060667125834e+00,9.968233063203015831e-01,-1.903642515797514534e-01,-2.654620200637589633e-01,7.673312064453288173e-01,1.219193495746680789e+00,1.502017699936887496e+00,1.703951765762332649e+00,1.858760860557053363e+00,1.982915755799329993e+00,2.085653678221011109e+00,2.172655518792523388e+00,2.247653171623412938e+00,2.313223072904375677e+00,2.371214442547774137e+00,2.422996717914684517e+00,2.469610478933558007e+00,2.511863661247689894e+00,2.550395184074850885e+00,2.585718354849346756e+00,2.618251276366265756e+00,2.648338645491936205e+00,2.676267699366691399e+00,2.702280090346425467e+00,2.726580870645706423e+00,2.749345387545867325e+00,2.770724643343927873e+00,2.790849510541796530e+00
3.199353319598663425e+00,3.216393436052837895e+00,3.234066482281439114e+00,3.254882339649519896e+00,3.307683404989081311e+00,3.291404680394531823e+00,3.301460804583594921e+00,3.314679972178935952e+00,3.330629197247004125e+00,3.371572605702487735e+00,3.352722912484653595e+00,3.353471243151779468e+00,3.392827993752481230e+00,3.350242793329409441e+00,3.404372064935256237e+00,3.322215799707611605e+00,3.285859683952708110e+00,3.250802072013720512e+00,3.162150308095744045e+00,3.076476024547188270e+00,2.835022024681189023e+00,2.192025000277031399e+00,1.672890300354994864e+00,1.040485836938924713e+00,-1.531035253256822770e-01,-2.325128667260427662e-01,7.971191779052659854e-01,1.246532769619821401e+00,1.527385651279638878e+00,1.727686799838082266e+00,1.881113285093911180e+00,2.004076967423533251e+00,2.105773982935629896e+00,2.191855565292531338e+00,2.266031589310974592e+00,2.330861749068426025e+00,2.388182273691629831e+00,2.439352342296166931e+00,2.485404309568169712e+00,2.527139426742202044e+00,2.565191115700494962e+00,2.600068114477288805e+00,2.632184691344322314e+00,2.661882297493976868e+00,2.689445401266589819e+00,2.715113276155184163e+00,2.739088917183488014e+00,2.761545881952629511e+00,2.782633607207885884e+00,2.802481588973788185e+00
3.180120824387933087e+00,3.197473076933749603e+00,3.214416371586021004e+00,3.231579534712893942e+00,3.250619142186900845e+00,3.280714310678552348e+00,3.293510106538199977e+00,3.297091212844647679e+00,3.308062855113415246e+00,3.322297528699040381e+00,3.362718393548095985e+00,3.339490930463102192e+00,3.338550311599782994e+00,3.384405060621499928e+00,3.325095873815862468e+00,3.316555334196623850e+00,3.333926226884676769e+00,3.252035251720803544e+00,3.170832205165006634e+00,3.172617826514513517e+00,2.945531887775477031e+00,2.292923926533109835e+00,1.732542543541799596e+00,1.086596023384611698e+00,-1.143531215823960778e-01,-1.985584724319506833e-01,8.276281299637986422e-01,1.274409821334510973e+00,1.553165410048892525e+00,1.751742817310844913e+00,1.903718793726408620e+00,2.025439031558072589e+00,2.126054022848824943e+00,2.211182357178802960e+00,2.284509858040983499e+00,2.348578051962662894e+00,2.405209151012982716e+00,2.455751320450402453e+00,2.501228122449353997e+00,2.542433690624539278e+00,2.579995613651381081e+00,2.614417796232083369e+00,2.646110462196535895e+00,2.675411648279067744e+00,2.702602916966718727e+00,2.727921050600188302e+00,2.751566894256014084e+00,2.773712138656661441e+00,2.794504590300248559e+00,2.814072314169750122e+00
3.159753707943862899e+00,3.177795530340343344e+00,3.195089976030258683e+00,3.211818939392522942e+00,3.228455927243985890e+00,3.246192532551703369e+00,3.269960310558619909e+00,3.303239799584752667e+00,3.292135918961547780e+00,3.300070832269687671e+00,3.312246734077725296e+00,3.355150974614903969e+00,3.322913091454563705e+00,3.321322507161544646e+00,3.324776011161244327e+00,3.301700723312159802e+00,3.266521260952563122e+00,3.225519357500679529e+00,3.198987631213916050e+00,3.156182114530362792e+00,2.930099548922808772e+00,2.436439204184547958e+00,1.798572402779457846e+00,1.135580223861139437e+00,-7.392139724201296502e-02,-1.634935175259961682e-01,8.589233861372918000e-01,1.302868614061821084e+00,1.579388372055515966e+00,1.776143280510528832e+00,1.926595564652098247e+00,2.047016454935252305e+00,2.146505664906049660e+00,2.230645808836451582e+00,2.303096413011890942e+00,2.366379272990353666e+00,2.422301465527650688e+00,2.472199323349655309e+00,2.517087004547109874e+00,2.557751060109120012e+00,2.594812886380132522e+00,2.628771273504110439e+00,2.660032177892905469e+00,2.688930043044977403e+00,2.715743380797494666e+00,2.740706363982305493e+00,2.764017590169870253e+00,2.785846802168222780e+00,2.806340108440306125e+00,2.825624085851064393e+00
3.146523941020468840e+00,3.158681705668531237e+00,3.175545858149139367e+00,3.192350870257754991e+00,3.208625809275555518e+00,3.224601202856485660e+00,3.241143129314230098e+00,3.261441345402449343e+00,3.361173504435424064e+00,3.286502399006925312e+00,3.290369013420233024e+00,3.300087097969879313e+00,3.352311014275760837e+00,3.302468180745874893e+00,3.302832303874632558e+00,3.282712553317629567e+00,3.412971463113470438e+00,3.251090124309488072e+00,3.179758443576711446e+00,3.172485872185943911e+00,3.016383172846437866e+00,2.802978786756506580e+00,1.873196405513915863e+00,1.187986680095145964e+00,-3.157867855267504353e-02,-1.271961330746576024e-01,8.910790982681628947e-01,1.331958531342794849e+00,1.606089622618226187e+00,1.800914366709191583e+00,1.949763896851094636e+00,2.068825479091556563e+00,2.167142246756822654e+00,2.250257116664118762e+00,2.321800831609532878e+00,2.384273738843803780e+00,2.439466559587339489e+00,2.488702905807083088e+00,2.532986871282279395e+00,2.573096924570673849e+00,2.609647885180771176e+00,2.643133128636870666e+00,2.673954106760079164e+00,2.702441480184364142e+00,2.728870556901334954e+00,2.753472775300990882e+00,2.776444382685260948e+00,2.797953088755011919e+00,2.818143232799742659e+00,2.837139843767799707e+00
3.120212910391697569e+00,3.155569785776850100e+00,3.163400384102159624e+00,3.174311661454245481e+00,3.189554690201261700e+00,3.204911471167701364e+00,3.219951943314108167e+00,3.235194546794355919e+00,3.252887339073053052e+00,3.291587232886106218e+00,3.280064527945087072e+00,3.278517610310988761e+00,3.285349784720678734e+00,3.401473281338414978e+00,3.277659609784292716e+00,3.289747485983688158e+00,3.242220350967851772e+00,3.210069053053365096e+00,3.156537987390589883e+00,3.109273607353236102e+00,2.984135719957741628e+00,2.774591397123310266e+00,1.960185901511585449e+00,1.244537887043371427e+00,1.295339132427031359e-02,-8.952431003332161907e-02,9.241799085130795177e-01,1.361735335822028325e+00,1.633308582163424560e+00,1.826085451975051122e+00,1.973246600290413433e+00,2.090884411303187917e+00,2.187978867469966282e+00,2.270029020954178467e+00,2.340634073694781492e+00,2.402271035048925363e+00,2.456712937068188385e+00,2.505269705758315535e+00,2.548934656723016001e+00,2.588477638042942175e+00,2.624506480066457037e+00,2.657508823032730838e+00,2.687881361493096311e+00,2.715950771749555237e+00,2.741988995595586065e+00,2.766224604879963245e+00,2.788851388204556692e+00,2.810034932441570987e+00,2.829917732918299844e+00,2.848623207900968346e+00
3.099740751517997772e+00,3.117403107962430031e+00,3.138682189064633921e+00,3.187471769605919381e+00,3.177338834648087307e+00,3.187390593958547402e+00,3.200849815868252790e+00,3.214472586607515669e+00,3.228129832613860550e+00,3.243395576833044025e+00,3.270766800266307062e+00,3.272646559724613713e+00,3.263942312883899355e+00,3.267484698855908754e+00,3.306420376195431388e+00,3.248146302283474007e+00,3.270682294275947921e+00,3.209413349684059558e+00,3.164359884137945222e+00,3.086042822103607364e+00,2.981554320877080055e+00,2.879247691271564769e+00,2.067034159646216285e+00,1.306215304897061280e+00,6.001650278043424436e-02,-5.031128633959802698e-02,9.583230287969151107e-01,1.392262362380033203e+00,1.661089812895845341e+00,1.851689720045794907e+00,1.997069490570004824e+00,2.113214046889702935e+00,2.209032760649144667e+00,2.289976143670579667e+00,2.359608792874912098e+00,2.420382296660393617e+00,2.474050537642832115e+00,2.521908705119836558e+00,2.564938563271435878e+00,2.603900759441729829e+00,2.639395691854416359e+00,2.671904922143634398e+00,2.701820117883918293e+00,2.729463756588549117e+00,2.755104241459078729e+00,2.778967137847325297e+00,2.801243661009017227e+00,2.822097180300970454e+00,2.841668268296040800e+00,2.860078666557639870e+00
3.082663447085410180e+00,3.098663320747409244e+00,3.115275053519559023e+00,3.133421293474937475e+00,3.156569452007382370e+00,3.234336700704338874e+00,3.187878296983030602e+00,3.196847747821885743e+00,3.208173136238538170e+00,3.219745858500064895e+00,3.232393666181431424e+00,3.253279084363604134e+00,3.263982662554368197e+00,3.245899650781747692e+00,3.245887887954042483e+00,3.255173231583588400e+00,3.214309382447741559e+00,3.187693862320560179e+00,3.151902169006221666e+00,3.074526308761351245e+00,2.982631020023990942e+00,2.837387465509941809e+00,2.214281621581565052e+00,1.374404566320162502e+00,1.100362760284978592e-01,-9.359542681127486219e-03,9.936208738433682797e-01,1.423612022432164892e+00,1.689484041197580666e+00,1.877764940170509433e+00,2.021262025803211682e+00,2.135838216726310801e+00,2.230323781061573474e+00,2.310115431257811824e+00,2.378739746402074751e+00,2.438620592596107084e+00,2.491491100708197237e+00,2.538630577053463622e+00,2.581008395055520488e+00,2.619375374210171525e+00,2.654324003712411617e+00,2.686329398214006847e+00,2.715777909790322742e+00,2.742987588365521923e+00,2.768223115070938434e+00,2.791706900133867908e+00,2.813627463957443009e+00,2.834145858213770630e+00,2.853400649506768083e+00,2.871511833078994158e+00
3.065314507334419680e+00,3.081030379648648232e+00,3.096754203262011895e+00,3.112696869566483393e+00,3.129322882163605435e+00,3.147929766759717918e+00,3.174445630494236781e+00,3.202154943954578670e+00,3.193979755733406645e+00,3.201165120103870887e+00,3.209835182142961596e+00,3.219381270999170486e+00,3.235042217198990766e+00,3.253596378820348356e+00,3.223439285705116397e+00,3.220024405940669077e+00,3.206979103833567102e+00,3.180515264640378259e+00,3.127857007121688238e+00,3.076881053590184045e+00,2.981179097112108156e+00,2.861541093791352797e+00,2.482182219840667337e+00,1.451163857932060708e+00,1.635519590888305785e-01,3.356712801421668502e-02,1.030204440450287251e+00,1.455867728922553894e+00,1.718549474640471253e+00,1.904354477942312052e+00,2.045858141186405188e+00,2.158784509917406336e+00,2.251875050941002154e+00,2.330466745899267611e+00,2.398044345059851867e+00,2.457001443383909578e+00,2.509048657485967393e+00,2.555448157138302090e+00,2.597156011689565336e+00,2.634912533343892527e+00,2.669301787518687519e+00,2.700792045597720570e+00,2.729764034694351693e+00,2.756531132386023764e+00,2.781354101925882283e+00,2.804452040142559444e+00,2.826010643447054882e+00,2.846188539555321917e+00,2.865122200963961419e+00,2.882929802969555144e+00
3.046794002052707562e+00,3.062764154100528380e+00,3.078445267951278375e+00,3.093916199196917738e+00,3.109303875249562310e+00,3.124865641957768947e+00,3.141232064733616713e+00,3.160419509733497723e+00,3.195806874690655164e+00,3.196110573179899106e+00,3.193823881280042798e+00,3.198185340043367297e+00,3.203827548037813777e+00,3.214350806713352160e+00,3.240424518314375391e+00,3.195367699415030849e+00,3.189923500364904907e+00,3.154779622670975670e+00,3.166515390850086487e+00,3.099058062004832692e+00,2.978075680761462785e+00,2.856890992281658992e+00,2.605614161208342772e+00,1.539773525410187638e+00,2.212605352416705529e-01,7.875426908296656592e-02,1.068227711797657520e+00,1.489126402099079094e+00,1.748353530349475271e+00,1.931508634791063272e+00,2.070897364759483494e+00,2.182085247323042321e+00,2.273713836290123691e+00,2.351053671683378088e+00,2.417543406609266476e+00,2.475543533673389085e+00,2.526740210900366268e+00,2.572377096645324990e+00,2.613395959436419780e+00,2.650525865850574814e+00,2.684341900247614543e+00,2.715305063121114859e+00,2.743790123658500058e+00,2.770105524428204014e+00,2.794507901162750496e+00,2.817212868192440656e+00,2.838403160228475830e+00,2.858234867907594179e+00,2.876842275950237671e+00,2.894341661579808100e+00
3.026777109102160690e+00,3.043347693744796523e+00,3.059399086866817274e+00,3.074981640538196004e+00,3.090143513519804763e+00,3.104953281356759298e+00,3.119548024116395535e+00,3.134257576725364203e+00,3.150015044238602346e+00,3.170470627978484668e+00,3.273512622081721002e+00,3.187351417255829489e+00,3.184604971548534280e+00,3.185108372461197046e+00,3.189932391984687143e+00,3.221782662408055664e+00,3.160222633661678771e+00,3.158909185296061573e+00,3.096923387379245884e+00,3.043183300885942355e+00,2.979048503305095075e+00,2.878406455104279171e+00,2.665025633695564888e+00,1.646043111267048609e+00,2.840845674668992515e-01,1.265513269342921632e-01,1.107873500509769293e+00,1.523501796601098413e+00,1.778975152474799870e+00,1.959286463314021454e+00,2.096426343856079288e+00,2.205778824112268222e+00,2.295872763606241485e+00,2.371904640546768750e+00,2.437262213539249878e+00,2.494269717104497630e+00,2.544586698350361331e+00,2.589436791041026087e+00,2.629746371257659199e+00,2.666232454745692149e+00,2.699460539286421490e+00,2.729883891339378810e+00,2.757870962570387441e+00,2.783724977588347027e+00,2.807698219285514885e+00,2.830002638124868408e+00,2.850817859697613699e+00,2.870297316670100685e+00,2.888573006046851077e+00,2.905759223745766118e+00
3.006489033710115777e+00,3.023319417827699418e+00,3.039729267383294520e+00,3.055592564859159310e+00,3.070870683488677422e+00,3.085549905627915201e+00,3.099633505603079708e+00,3.113163126411462756e+00,3.126286798794070343e+00,3.139464033495820594e+00,3.154264224380978199e+00,3.179372172636969029e+00,3.186816382503167233e+00,3.169021269454637579e+00,3.162450057854596874e+00,3.160481438388868192e+00,3.191897568423864406e+00,3.116284616691244569e+00,3.188339285903195375e+00,3.040958941300542673e+00,3.032860732883757127e+00,3.034959567309557293e+00,2.693235110820506151e+00,1.782284277234836622e+00,3.532810561301671370e-01,1.773920066532834738e-01,1.149361362697931987e+00,1.559129022971761813e+00,1.810507998497310034e+00,1.987758292576207175e+00,2.122500990026907175e+00,2.229911612309764646e+00,2.318391556554618038e+00,2.393054549372635620e+00,2.457232040491070801e+00,2.513208474334361231e+00,2.562614394606692603e+00,2.606651738082880421e+00,2.646230287748736032e+00,2.682054126576800090e+00,2.714678504931079761e+00,2.744548451377564646e+00,2.772025709944641481e+00,2.797407981081854622e+00,2.820942951556148159e+00,2.842838712534040191e+00,2.863271621936860356e+00,2.882392324669070582e+00,2.900330422896319593e+00,2.917198142153124341e+00
3.003751169630990425e+00,3.019512303894191341e+00,3.024702663059080088e+00,3.038073424806168710e+00,3.052505731720673854e+00,3.066786674095895560e+00,3.080518749898521147e+00,3.093517642933129252e+00,3.105684991728584254e+00,3.117005133640983416e+00,3.127645143001473116e+00,3.138337922554870207e+00,3.152303019777162429e+00,3.226128352628466978e+00,3.151828289827287133e+00,3.134865316960736781e+00,3.124435837595532561e+00,3.144275305417469912e+00,3.061734953389549929e+00,3.022291999661177897e+00,2.949717444908079855e+00,2.890927222683670639e+00,2.692357637430481176e+00,1.987923202050400739e+00,4.306254311196164863e-01,2.318234251682138591e-01,1.192958582939406931e+00,1.596170864306172277e+00,1.843064951740420732e+00,2.017009350669257906e+00,2.149189589314795867e+00,2.254540744571553290e+00,2.341319596512883905e+00,2.414547159944247401e+00,2.477492434109524133e+00,2.532396100213896162e+00,2.580857025558223494e+00,2.624053592001577950e+00,2.662877661952329778e+00,2.698019414480527622e+00,2.730023127437426478e+00,2.759325040356912062e+00,2.786279764081846189e+00,2.811179141716802388e+00,2.834265999770761990e+00,2.855744358374470604e+00,2.875787136324984061e+00,2.894542050660397159e+00,2.912136193268123119e+00,2.928679623460558101e+00
2.967271807761303393e+00,2.984913791481653256e+00,3.005289410684834905e+00,3.035300447229003939e+00,3.060389789787075099e+00,3.055795703932772334e+00,3.065168644253693397e+00,3.076281111661558487e+00,3.087236161009625945e+00,3.097366476162862536e+00,3.106344372808873544e+00,3.114041661370972047e+00,3.120682902468003839e+00,3.127703942312408003e+00,3.144648457350601944e+00,3.135503424880905055e+00,3.101072228980449097e+00,3.079782368855906505e+00,3.077933336868303282e+00,2.995579245864357976e+00,2.922413488057209907e+00,2.891542680881961314e+00,2.714771536571087385e+00,2.399546704508109141e+00,5.187437235634329014e-01,2.905490844282105911e-01,1.238995877835598947e+00,1.634826898662757877e+00,1.876784742533327055e+00,2.047145155400338368e+00,2.176577484733795309e+00,2.279738345762096774e+00,2.364719846639665501e+00,2.436438802592630459e+00,2.498094752508234428e+00,2.551880117045719931e+00,2.599359081764873736e+00,2.641684396306175131e+00,2.679728525228885605e+00,2.714166667323261173e+00,2.745531327047184167e+00,2.774249348028510198e+00,2.800667740627709623e+00,2.825072125641565179e+00,2.847700180658395475e+00,2.868751623861502509e+00,2.888395748318559608e+00,2.906777191006199246e+00,2.924020408360799905e+00,2.940233189736255248e+00
2.950854133883534569e+00,2.965933913344596995e+00,2.981418029991007135e+00,2.997543354595871179e+00,3.014855106768749238e+00,3.034895302347189183e+00,3.064850637014934431e+00,3.089569599296086100e+00,3.078589688888996534e+00,3.083122919679707419e+00,3.089245155068729876e+00,3.094652550908196353e+00,3.098472588206560907e+00,3.100366834670006178e+00,3.100780286543321385e+00,3.103544946148487416e+00,3.144098459692718173e+00,3.059389957138122895e+00,3.023813544109695162e+00,2.994093372068531433e+00,2.926221724185474660e+00,2.856207115760144966e+00,2.676498072035736087e+00,2.432019912094110392e+00,6.217665558723375341e-01,3.544944256617208467e-01,1.287890670596419262e+00,1.675347219659800047e+00,1.911842091233035390e+00,2.078299901357627100e+00,2.204774453960482994e+00,2.305598269915524412e+00,2.388675153896607561e+00,2.458804368172347932e+00,2.519107927563363436e+00,2.571724861121172712e+00,2.618181266545207997e+00,2.659601919819593263e+00,2.696838230229206879e+00,2.730549213434815048e+00,2.761254708628955168e+00,2.789371489804851389e+00,2.815238449523828290e+00,2.839134583293098313e+00,2.861292101819247868e+00,2.881906167573219157e+00,2.901142243270399490e+00,2.919141719289789272e+00,2.936026279932132166e+00,2.951901331545371931e+00
2.935565484687026050e+00,2.949755265012719452e+00,2.964026643736338951e+00,2.978388370887865566e+00,2.992874826444014591e+00,3.007577771314166259e+00,3.022724689490785543e+00,3.038906511722941239e+00,3.057963584117055600e+00,3.089834308665465379e+00,3.099570121626917363e+00,3.086083830256656668e+00,3.083651613955125992e+00,3.081369123495438789e+00,3.076925248942016911e+00,3.069618608892754619e+00,3.060862998772756249e+00,3.070496663597779730e+00,3.007618826666379697e+00,2.952773782506376232e+00,2.890594800258438735e+00,2.798294038721222954e+00,2.686114003323438304e+00,2.454879557077253693e+00,7.467812852135944368e-01,4.249110848422859021e-01,1.340183184783823478e+00,1.718054146385254555e+00,1.948464100874785387e+00,2.110650249683528212e+00,2.233927008089117816e+00,2.332247458068456236e+00,2.413298972920472352e+00,2.481747583521836109e+00,2.540628410458415143e+00,2.592021177016309963e+00,2.637409992721861940e+00,2.677888993270405749e+00,2.714286653750237921e+00,2.747244448569739816e+00,2.777268548258257752e+00,2.804764901667272881e+00,2.830063705201895097e+00,2.853436879831355633e+00,2.875110815878232806e+00,2.895275838711854455e+00,2.914093354378129330e+00,2.931701322928035758e+00,2.948218506102619152e+00,2.963747803136891346e+00
2.919900030448988382e+00,2.933613774016984088e+00,2.947293025619674101e+00,2.960899592529844249e+00,2.974390701482424237e+00,2.987721458572287325e+00,3.000851272227671895e+00,3.013759442560803414e+00,3.026483595865855580e+00,3.039222548430881687e+00,3.052661828968624480e+00,3.069413809803289706e+00,3.111333757772818398e+00,3.084558787325218709e+00,3.065622701924779481e+00,3.050763015651110965e+00,3.033042944359124249e+00,3.011310846380165884e+00,2.992922706934975974e+00,2.942999660147831431e+00,2.861336492443655288e+00,2.762893075974435675e+00,2.677023029166670121e+00,2.491492444035004805e+00,9.076979644239724365e-01,5.035515452348615639e-01,1.396595783123759205e+00,1.763378880049308428e+00,1.986958622412705822e+00,2.144439652987273348e+00,2.264240418894933438e+00,2.359866530087245451e+00,2.438755001395844779e+00,2.505419977237624884e+00,2.562798648594871942e+00,2.612904523589532513e+00,2.657175196606599510e+00,2.696671084955660991e+00,2.732195571023675384e+00,2.764371034405993299e+00,2.793688833665496585e+00,2.820543234814591127e+00,2.845255083805779517e+00,2.868088720545066472e+00,2.889264317706067509e+00,2.908967048349439644e+00,2.927354009139472968e+00,2.944559525284110801e+00,2.960699269044050563e+00,2.975873495248118061e+00
2.903357526471940897e+00,2.916805910231883736e+00,2.930156086426596307e+00,2.943353140069002283e+00,2.956330145522240826e+00,2.969005985711932194e+00,2.981283135357018388e+00,2.993045883764373194e+00,3.004160173936780698e+00,3.014477966428055655e+00,3.023853663840959438e+00,3.032194058843693973e+00,3.039613385341126239e+00,3.047005015353578372e+00,3.059331208423893056e+00,3.092148472105149093e+00,3.026760517210543178e+00,2.991007524262387030e+00,2.951748996059582186e+00,2.908985239520254673e+00,2.863016964526380548e+00,2.742112323992259348e+00,2.624278619981931016e+00,2.430959243070138331e+00,1.139434287936333057e+00,5.929820688730522704e-01,1.458138437419189692e+00,1.811928963924429148e+00,2.027767970859760904e+00,2.180025434812487006e+00,2.296022074931013179e+00,2.388730851618292572e+00,2.465296745292495206e+00,2.530059406486465878e+00,2.585844859330514556e+00,2.634592175935696723e+00,2.677687085768734487e+00,2.716152671609757263e+00,2.750764700805011120e+00,2.782124651661278758e+00,2.810707747564985315e+00,2.836895583504042584e+00,2.860998904451633074e+00,2.883273890734193934e+00,2.903934045577903245e+00,2.923159032763858800e+00,2.941101354567535076e+00,2.957891471650146542e+00,2.973641780073684515e+00,2.988449737298926490e+00
2.885645092980633653e+00,2.899004093850207742e+00,2.912217544991684726e+00,2.925223045650112486e+00,2.937943359655773801e+00,2.950282954033816019e+00,2.962123697824524005e+00,2.973319549466116651e+00,2.983690080931513222e+00,2.993012799507376087e+00,3.001014583700473803e+00,3.007363548087392591e+00,3.011665445042486677e+00,3.013477021154937763e+00,3.012376755711894116e+00,3.008250324652174346e+00,3.002665903937042025e+00,3.014398685874342565e+00,2.951504734562911736e+00,2.880198310484636703e+00,2.805921070242268112e+00,2.779660573808711455e+00,2.590856963900459942e+00,2.419269313838288582e+00,1.642978140945162480e+00,6.971970831436449245e-01,1.526317870278057320e+00,1.864628232454744072e+00,2.071584209379581321e+00,2.217982379954627437e+00,2.329778664695924650e+00,2.419303872521991305e+00,2.493358385222204543e+00,2.556079233660074834e+00,2.610164981036300347e+00,2.657470233270651239e+00,2.699322378173907300e+00,2.736702817102089735e+00,2.770356690566846414e+00,2.800862432431387994e+00,2.828677570905066663e+00,2.854169872071406822e+00,2.877639105816780507e+00,2.899332623113673790e+00,2.919456737730344198e+00,2.938185195664150928e+00,2.955665580491578570e+00,2.972024228393874257e+00,2.987370049088117874e+00,3.001797531423754162e+00
2.866572460388180144e+00,2.880056988226757486e+00,2.893349123812163803e+00,2.906383588867111456e+00,2.919078745905161032e+00,2.931332666687425981e+00,2.943018102181694129e+00,2.953976025993479748e+00,2.964007319511993810e+00,2.972862036056013402e+00,2.980225525724589541e+00,2.985700544681621160e+00,2.988784391998425605e+00,2.988840362218945224e+00,2.985064139317626708e+00,2.976450707073680757e+00,2.961785275413672203e+00,2.939755203764122804e+00,2.909680712633229582e+00,2.877650807652299303e+00,2.807506445896884806e+00,2.673651031474925777e+00,2.579180647326855702e+00,2.325294207616723785e+00,2.021755547984347867e+00,8.229988733154369740e-01,1.603626661338817705e+00,1.923064185921217195e+00,2.119647329227214883e+00,2.259378427538741185e+00,2.366480029755314796e+00,2.452494113150422983e+00,2.523807434842388897e+00,2.584318024051611040e+00,2.636576169684798909e+00,2.682339342908408586e+00,2.722868495098336616e+00,2.759097967761392489e+00,2.791738584257653866e+00,2.821343132881220850e+00,2.848349570814449727e+00,2.873110455497415838e+00,2.895913549312104873e+00,2.916996589585898469e+00,2.936558096784860794e+00,2.954765428596356713e+00,2.971760879270650690e+00,2.987666365695845538e+00,3.002587074631496655e+00,3.016614334851352108e+00
2.846320312736748015e+00,2.860288686704084871e+00,2.874001490191437025e+00,2.887395089433370199e+00,2.900388173574127926e+00,2.912877677029543033e+00,2.924733477212496435e+00,2.935791485143012913e+00,2.945844604609020756e+00,2.954630837607289173e+00,2.961817535503382892e+00,2.966980401697017378e+00,2.969575292599792693e+00,2.968900070192372453e+00,2.964042643147632106e+00,2.953809812685562086e+00,2.936629676064618444e+00,2.910418990470713396e+00,2.872410941528170447e+00,2.818975769816145061e+00,2.745729682075255695e+00,2.651062778978269474e+00,2.511662631962838788e+00,2.277577335371602008e+00,1.989308408181452492e+00,9.838788761213956846e-01,1.695060311429510413e+00,1.990657998226687653e+00,2.174802096973686094e+00,2.306783411775949588e+00,2.408544120271438604e+00,2.490626789299640542e+00,2.558907875355399320e+00,2.616996513704096916e+00,2.667266721509979899e+00,2.711362100971255185e+00,2.750466658694373123e+00,2.785460809812492222e+00,2.817016424097848581e+00,2.845657426159153403e+00,2.871799915299602990e+00,2.895779581814695636e+00,2.917870956158765239e+00,2.938301243705472743e+00,2.957260473147186541e+00,2.974909075842632866e+00,2.991383637518245653e+00,3.006801325721071283e+00,3.021263341891182730e+00,3.034857644313268210e+00
2.828986487121112781e+00,2.844386813904038913e+00,2.859398807391878350e+00,2.873971774870513141e+00,2.888034789159361626e+00,2.901492847731566904e+00,2.914221680832151495e+00,2.926060809907214288e+00,2.936804296177444762e+00,2.946188390163091864e+00,2.953874962769001300e+00,2.959429114256566518e+00,2.962288633422053064e+00,2.961721871803799644e+00,2.956768853785394668e+00,2.946157590567319406e+00,2.928182655472883145e+00,2.900524041049076018e+00,2.859966224327044948e+00,2.801937339425519813e+00,2.719689459160012035e+00,2.602666539149754321e+00,2.432764785453067624e+00,2.175413729746639824e+00,1.712670768011486544e+00,1.218329742192871379e+00,1.817268018162316423e+00,2.080681938524985508e+00,2.249204184045330734e+00,2.371859561884325895e+00,2.467372306751433708e+00,2.544944601068424017e+00,2.609793458895212748e+00,2.665165420658873519e+00,2.713218480594508542e+00,2.755459463600454129e+00,2.792981523267381139e+00,2.826602339963115718e+00,2.856949052347447893e+00,2.884512817775439331e+00,2.909685172142566945e+00,2.932783021261180512e+00,2.954066277931851392e+00,2.973750596317416228e+00,2.992016751634994254e+00,3.009017671373265923e+00,3.024883788932198225e+00,3.039727177211193787e+00,3.053644780498961708e+00,3.066720970215414344e+00
2.811482950110039347e+00,2.826940162275525914e+00,2.841951373981729922e+00,2.856468778537217368e+00,2.870423328442247790e+00,2.883720939192712329e+00,2.896237293230505383e+00,2.907810834433717240e+00,2.918233372898316524e+00,2.927237475679500545e+00,2.934479463328949045e+00,2.939516302806480130e+00,2.941773882083449365e+00,2.940502892906965204e+00,2.934716512608301464e+00,2.923100638527544870e+00,2.903881290168677243e+00,2.874622019513514815e+00,2.831899486685144129e+00,2.770747780980664210e+00,2.683609568635281217e+00,2.558059627501348299e+00,2.370751019273134474e+00,2.065153963574958063e+00,1.382569642750219430e+00,1.597153626109160562e+00,1.954904172236264337e+00,2.163070007691989094e+00,2.309765704404552089e+00,2.420689735673955401e+00,2.508887679505990231e+00,2.581469859934522937e+00,2.642701495030917336e+00,2.695334055102277748e+00,2.741242751144758127e+00,2.781761236781647995e+00,2.817870737736904552e+00,2.850313400461109481e+00,2.879663556580435824e+00,2.906374340242224186e+00,2.930809216068736678e+00,2.953263916074646112e+00,2.973982081431388647e+00,2.993166655878287230e+00,3.010988341567709448e+00,3.027591979726773186e+00,3.043101437195609993e+00,3.057623398751055266e+00,3.071250345734921172e+00,3.084062921162020299e+00
2.791568445424848388e+00,2.805335808254193708e+00,2.818715737088576478e+00,2.831646271671419246e+00,2.844045665014357738e+00,2.855808213845281607e+00,2.866798732884827672e+00,2.876845243716848799e+00,2.885729275724851828e+00,2.893172925789219807e+00,2.898821453937954207e+00,2.902219636560733562e+00,2.902779243402671128e+00,2.899733649344825803e+00,2.892073367384624838e+00,2.878452470649192740e+00,2.857048935686298474e+00,2.825348419856666737e+00,2.779792245958368380e+00,2.715162552140039764e+00,2.623396102924334450e+00,2.490949481972179136e+00,2.291619172773052160e+00,1.959386610830184949e+00,1.175257949501209431e+00,1.885515758476651982e+00,2.102892784998105835e+00,2.258057645564762961e+00,2.376411650313291712e+00,2.458316497710592685e+00,2.533688954949037342e+00,2.598734080110197020e+00,2.654984663317266236e+00,2.704093787063734489e+00,2.747395592752203797e+00,2.785923060645508098e+00,2.820476050356186093e+00,2.851680507796337860e+00,2.880032763791977590e+00,2.905931604779550703e+00,2.929701451466626416e+00,2.951609258404267244e+00,2.971876988886922977e+00,2.990690947256945176e+00,3.008208852992107385e+00,3.024565270980781762e+00,3.039875829535453988e+00,3.054240533041787220e+00,3.067746390283828894e+00,3.080469519646546583e+00
2.777282865968255354e+00,2.790016528431866760e+00,2.802369808591596012e+00,2.814274218632275559e+00,2.825641823123157259e+00,2.836360922116973438e+00,2.846290385177663751e+00,2.855252197678998627e+00,2.863021604368123363e+00,2.869313978436272006e+00,2.873767163625036147e+00,2.875917460447944496e+00,2.875166533101396471e+00,2.870735083961549972e+00,2.861596773129380544e+00,2.846381752596700121e+00,2.823231651766426875e+00,2.789573045747812952e+00,2.741744771017567750e+00,2.674339444691156586e+00,2.578918395879431724e+00,2.441127687203338059e+00,2.232774510120513423e+00,1.881701635036724163e+00,1.036747672691282318e+00,2.033029014560133518e+00,2.176415019012359675e+00,2.376514980440814551e+00,2.415991700050521107e+00,2.522760505816842524e+00,2.620342175080993208e+00,2.646793546416919884e+00,2.690755125732315456e+00,2.733061704321800622e+00,2.771917517164046441e+00,2.807283009782849170e+00,2.839467272363899841e+00,2.868833321682087156e+00,2.895721692574098061e+00,2.920432116044354043e+00,2.943222647919215174e+00,2.964313936535483140e+00,2.983894565804491084e+00,3.002126126438378506e+00,3.019147625216992648e+00,3.035079184709356781e+00,3.050025101258441840e+00,3.064076358696176783e+00,3.077312693384678610e+00,3.089804294055296552e+00
2.763567588034702815e+00,2.775451941843384951e+00,2.786949008211788481e+00,2.797985797139994624e+00,2.808469967610728091e+00,2.818285425553044288e+00,2.827286575001992652e+00,2.835290778158140235e+00,2.842068401357475071e+00,2.847329562659522306e+00,2.850706307455046495e+00,2.851728345894529948e+00,2.849789560866038851e+00,2.844101006943017929e+00,2.833623636753805908e+00,2.816969654376547005e+00,2.792253391375546290e+00,2.756856789274130470e+00,2.707040644244726568e+00,2.637252312206308069e+00,2.538764910398680463e+00,2.396606902493909619e+00,2.181104013008835274e+00,1.815764814670875360e+00,9.297910271062290732e-01,1.647288572686979258e+00,2.292273276854343234e+00,2.459547419400250678e+00,2.492545226278025439e+00,2.552882975064789228e+00,2.615856965014409230e+00,2.684118148247838231e+00,2.770937969585259619e+00,2.794153945238486259e+00,2.813097499139754376e+00,2.840059479591663827e+00,2.867293314894921785e+00,2.893315510896433906e+00,2.917767469840529149e+00,2.940615117193678962e+00,2.961933339673530341e+00,2.981832412828412604e+00,3.000429774095744850e+00,3.017838758170449331e+00,3.034164312595593938e+00,3.049501739466994099e+00,3.063936765636645632e+00,3.077546173156365583e+00,3.090398632053076966e+00,3.102555568026557964e+00
2.749620237157818892e+00,2.760732641144001853e+00,2.771444478978712933e+00,2.781679167287367527e+00,2.791340783062786546e+00,2.800309606932608109e+00,2.808436321771808686e+00,2.815534418997675203e+00,2.821370184507418166e+00,2.825649371536719467e+00,2.827999271851796781e+00,2.827944291483740713e+00,2.824872187882063734e+00,2.817986589956993804e+00,2.806238845794102321e+00,2.788227720009579524e+00,2.762047076449586580e+00,2.725045058224032868e+00,2.673422545727761168e+00,2.601513947416906003e+00,2.500366638667700592e+00,2.354526354724747694e+00,2.133180685537594989e+00,1.756655785913336487e+00,8.413615295137804040e-01,1.257561667324029742e+00,2.380037200065820979e+00,2.476097604802955487e+00,2.564427443669365925e+00,2.603675556099781296e+00,2.676375896008722499e+00,2.707631751550378940e+00,2.753604060892837602e+00,2.800616283961272934e+00,2.850005802215298090e+00,2.924313059468514275e+00,2.924553491210792444e+00,2.932622784823017970e+00,2.949423908733471489e+00,2.967791947811142084e+00,2.986100534416409769e+00,3.003813001548090611e+00,3.020739558791354362e+00,3.036826371013638060e+00,3.052078534850568570e+00,3.066527500964256969e+00,3.080215980525941255e+00,3.093190560332593542e+00,3.105497998335852827e+00,3.117183377432274138e+00
2.735163831514649146e+00,2.745538781416252849e+00,2.755496204237243063e+00,2.764956420078223065e+00,2.773820385621685869e+00,2.781965201070192961e+00,2.789238275528552080e+00,2.795449701367342499e+00,2.800362206588187242e+00,2.803677787081682027e+00,2.805019719836311598e+00,2.803908043107777193e+00,2.799725620856913455e+00,2.791670335180635121e+00,2.778686297907247305e+00,2.759362296837905681e+00,2.731776991597874904e+00,2.693253086120908524e+00,2.639945513178842962e+00,2.566100541979168703e+00,2.462587378180271624e+00,2.313570174670634305e+00,2.087348713847331005e+00,1.701861543868695925e+00,7.648405975232730469e-01,1.063792819570425152e+00,2.480360585083769998e+00,2.523355891120204753e+00,2.595006642474151803e+00,2.677437316061838324e+00,2.699119187238327999e+00,2.808645247350181506e+00,2.794655355907233574e+00,2.824043482168282271e+00,2.858046059808072137e+00,2.892230839605131276e+00,2.926387932194926211e+00,2.962497899158517800e+00,3.010936246402944771e+00,3.036725657209189855e+00,3.028053836607935256e+00,3.036531636615331653e+00,3.048444263217212846e+00,3.061303431303257661e+00,3.074275239732006781e+00,3.087015137828452715e+00,3.099369528302383436e+00,3.111271471619529549e+00,3.122697027533642089e+00,3.133644699304149128e+00
2.720048528154796585e+00,2.729698255048861988e+00,2.738910997158588767e+00,2.747604275126220408e+00,2.755676206653590921e+00,2.763000989375862915e+00,2.769423046409293043e+00,2.774749384466164148e+00,2.778739532217755048e+00,2.781092157761949402e+00,2.781427059535811264e+00,2.779260602344478137e+00,2.773971686058000596e+00,2.764753729989261277e+00,2.750545441184283568e+00,2.729928333018360576e+00,2.700970000361777146e+00,2.660974322926949576e+00,2.606061385744581571e+00,2.530409052379408941e+00,2.424746040235464584e+00,2.272934023987742247e+00,2.042575558059520180e+00,1.649795180137884287e+00,6.962711103908238996e-01,9.292932155934350291e-01,2.568544336881738221e+00,2.611332677986351936e+00,2.648464364973826424e+00,2.694936156317331744e+00,2.790568674102036795e+00,2.783089880175718012e+00,2.835905997138345569e+00,2.893208235265530170e+00,2.893503275717725920e+00,2.916563393924138214e+00,2.942296467827609785e+00,2.968119123545031268e+00,2.993526242858820741e+00,3.018768486692117836e+00,3.044864863237834118e+00,3.075013316697235322e+00,3.132057565014355394e+00,3.117022164419509522e+00,3.112194058384876172e+00,3.117437206260325944e+00,3.125475498188115431e+00,3.134524730483839949e+00,3.143906634647324783e+00,3.153310255632734371e+00
2.704160411287189536e+00,2.713083404108834085e+00,2.721548030415625430e+00,2.729469193837378072e+00,2.736742347838233336e+00,2.743238963173876055e+00,2.748800663305012826e+00,2.753231577903606730e+00,2.756288282046523541e+00,2.757666418791159035e+00,2.756982695685457951e+00,2.753750317315983853e+00,2.747344919739949987e+00,2.736956443164118902e+00,2.721519613579945318e+00,2.699610798285462465e+00,2.669289825636879776e+00,2.627847074187811049e+00,2.571376779808900004e+00,2.494004456292125305e+00,2.386348923382387799e+00,2.232032876974034963e+00,1.998110748962382388e+00,1.599319447770514380e+00,6.330297223819609798e-01,8.241163616408631043e-01,2.553860454421453596e+00,2.658792516416051743e+00,2.711383367361359209e+00,2.744720559424015605e+00,2.785204034197252376e+00,2.891812877422552219e+00,2.859402514342452406e+00,2.893243268260585754e+00,2.946256311991295007e+00,2.971887189462005363e+00,2.976052722508763626e+00,2.993525092028337831e+00,3.013279513995547720e+00,3.033283383216429652e+00,3.052952718103576935e+00,3.072177683065288267e+00,3.091102800627071989e+00,3.110134409478654494e+00,3.130189297258728853e+00,3.153811001308580941e+00,3.194759256341596743e+00,3.196409736736915974e+00,3.183438418804607650e+00,3.184337374669016452e+00
2.687391435382592952e+00,2.695576480015852372e+00,2.703280128628038792e+00,2.710414776336806053e+00,2.716873316251745774e+00,2.722524597790421108e+00,2.727207559127649894e+00,2.730723584854759078e+00,2.732826457357234062e+00,2.733208999957903007e+00,2.731485100988104708e+00,2.727165175266681008e+00,2.719622113837997457e+00,2.708043123478567349e+00,2.691360050574410412e+00,2.668145793022396628e+00,2.636455052728020831e+00,2.593569025660286798e+00,2.535563474218026414e+00,2.456524799382119539e+00,2.346987131224755885e+00,2.190386008595100353e+00,1.953346546724269217e+00,1.549541782670774914e+00,5.732350771007741486e-01,7.358170948343518702e-01,2.224050627179778417e+00,2.721144315195746621e+00,2.827448699154757605e+00,2.801807933974388654e+00,2.837630957761804407e+00,2.864785492002185130e+00,2.920178112677666249e+00,2.932009203621482651e+00,2.951591115678999344e+00,2.983266770770635734e+00,3.031927220301190218e+00,3.047369194033631157e+00,3.047343724882063842e+00,3.059942057414962502e+00,3.075092542542261942e+00,3.090787918581542559e+00,3.106367048521285312e+00,3.121592231888477009e+00,3.136408229979469553e+00,3.150865741871626380e+00,3.165107726087030837e+00,3.179403610848840156e+00,3.194269797019713142e+00,3.210864063039709393e+00
2.669626113621979879e+00,2.677054332998386244e+00,2.683976591630941488e+00,2.690302832533793431e+00,2.695923440952903594e+00,2.700704698142609494e+00,2.704482916169712148e+00,2.707056806314027231e+00,2.708177451291124527e+00,2.707534980929584112e+00,2.704740641050593641e+00,2.699302309688615065e+00,2.690590502146716467e+00,2.677790241522015613e+00,2.659831331399048704e+00,2.635284507317194880e+00,2.602201448306273424e+00,2.557857671217467654e+00,2.498316530783287082e+00,2.417636293186351537e+00,2.306287339286637206e+00,2.147560769844161221e+00,1.907748225070129422e+00,1.499708656228632364e+00,5.154442636111511433e-01,6.578260053285225339e-01,2.007708506463914411e+00,2.781620511749664182e+00,2.820103759640641083e+00,2.855535239757559740e+00,2.942623569082663426e+00,2.916975223158025265e+00,2.936852131616638495e+00,2.970576851825184939e+00,3.009792024437885516e+00,3.009537876830996606e+00,3.030256103514774146e+00,3.057017095765695913e+00,3.095516487939471428e+00,3.122449074551988168e+00,3.111484299847642632e+00,3.119191118170254740e+00,3.130436703705102186e+00,3.142697009194430624e+00,3.155140342104809204e+00,3.167427487349852466e+00,3.179414315797976176e+00,3.191050562048909800e+00,3.202339925131533427e+00,3.213325118524824831e+00
2.650733418435258226e+00,2.657379290140830186e+00,2.663493112002252250e+00,2.668982391998498294e+00,2.673735020108377824e+00,2.677614720898016554e+00,2.680455194569415056e+00,2.682052500967197162e+00,2.682155059129232022e+00,2.680450364598852442e+00,2.676547116455395781e+00,2.669950808592133740e+00,2.660029822116638965e+00,2.645967379095223837e+00,2.626691851958030011e+00,2.600772807403956222e+00,2.566260551683197999e+00,2.520427739832181491e+00,2.459330287962059991e+00,2.377007428826984015e+00,2.263883232364781062e+00,2.103139754478295487e+00,1.860813092510594124e+00,1.449143159480390075e+00,4.584803852260392887e-01,5.861310456680657310e-01,1.875114124807866212e+00,2.791824985970789097e+00,2.915205875529017998e+00,2.901735645473892955e+00,2.951314002056780073e+00,2.986345522051017998e+00,2.983549568083978976e+00,3.005027536475811445e+00,3.023308134534199443e+00,3.089574449939089806e+00,3.069776968388384208e+00,3.079570818377725949e+00,3.097419593890252010e+00,3.118925883147384504e+00,3.146669146056239263e+00,3.267168716802018480e+00,3.173287432642996286e+00,3.174122983557222444e+00,3.181399074377798009e+00,3.190581466899119700e+00,3.200392736940799843e+00,3.210324627720237523e+00,3.220142702781260358e+00,3.229733239344910967e+00
2.630560043589749153e+00,2.636391826780321690e+00,2.641663886372236369e+00,2.646281280901077615e+00,2.650129384931950494e+00,2.653069342823290544e+00,2.654932218752751982e+00,2.655511399768085479e+00,2.654552627314767932e+00,2.651740762843684429e+00,2.646681982985100490e+00,2.638879461463350840e+00,2.627699573972285485e+00,2.612323976968927042e+00,2.591680025538759313e+00,2.564336836447612900e+00,2.528344597520821413e+00,2.480975323139877009e+00,2.418281512646369702e+00,2.334290860238888321e+00,2.219395606004598953e+00,2.056698100626499048e+00,1.812042525378093849e+00,1.397203388575309901e+00,4.013258371153165527e-01,5.180004789813024146e-01,1.771859179446678034e+00,2.731355393229876860e+00,2.935138513572464358e+00,2.953484465010220994e+00,2.993817754137350740e+00,3.000502823949211972e+00,3.046302678234036776e+00,3.042107983130003745e+00,3.075371596529050233e+00,3.076480753118524980e+00,3.105396753952346600e+00,3.154917449497301796e+00,3.132073677339260342e+00,3.141616152276591301e+00,3.156093055551185689e+00,3.172895826370615513e+00,3.192634088550436289e+00,3.221785509444526241e+00,3.251657243403319075e+00,3.228934028396398315e+00,3.230253957491024952e+00,3.235962806893478927e+00,3.243190900316450964e+00,3.250992010512859576e+00
2.608923369638718182e+00,2.613903145346961665e+00,2.618293822831309736e+00,2.621997970293246549e+00,2.624898398551669398e+00,2.626853617535007679e+00,2.627691997039250715e+00,2.627204191032358693e+00,2.625133204208098814e+00,2.621161210401265151e+00,2.614891822931566079e+00,2.605825878527789019e+00,2.593327773672655212e+00,2.576577701051285363e+00,2.554502233278778345e+00,2.525670508625058375e+00,2.488133495704575093e+00,2.439164257140229441e+00,2.374815057363459658e+00,2.289108136054784026e+00,2.172415825762778585e+00,2.007784992968175253e+00,1.760919857766526597e+00,1.343251188536335405e+00,3.430505616100454347e-01,4.513951989438771406e-01,1.682859442099883474e+00,2.428268110312179928e+00,3.014476158919255244e+00,3.034261948256702368e+00,3.075463085578028277e+00,3.042819323820320498e+00,3.062686946987576153e+00,3.124166552252853002e+00,3.097093949568584748e+00,3.244892520816371917e+00,3.131017245925024728e+00,3.146053146493129837e+00,3.176822976469140691e+00,3.202578825427570219e+00,3.190177053895294268e+00,3.197519929207307321e+00,3.208813325802209349e+00,3.221772067107893101e+00,3.236131693800923692e+00,3.253093611813769659e+00,3.279100602299817702e+00,3.308396500433294474e+00,3.282198026911191224e+00,3.281303015665852474e+00
2.585603134223561028e+00,2.589686555553139424e+00,2.593149637905807658e+00,2.595892394938187131e+00,2.597795000079957450e+00,2.598713246602978089e+00,2.598472720005184033e+00,2.596861244681564873e+00,2.593618987111784513e+00,2.588425329647068729e+00,2.580881220351078920e+00,2.570485066470890256e+00,2.556599215650058099e+00,2.538402374232784364e+00,2.514820401212519929e+00,2.484422699150563130e+00,2.445261590114718775e+00,2.394612387290874445e+00,2.328529539933273274e+00,2.241034650594134092e+00,2.122489804875327568e+00,1.955906188029476134e+00,1.706890300838254326e+00,1.286625680154068085e+00,2.827593532897605400e-01,3.846610035324262711e-01,1.601037294928009835e+00,2.279686057400298616e+00,2.974633136868515049e+00,3.067895660281624526e+00,3.084168583505029648e+00,3.090517091969676500e+00,3.105664254665668089e+00,3.124078790777967018e+00,3.186110822055551850e+00,3.151569324528591398e+00,3.181494404462340331e+00,3.192392051086532234e+00,3.192355542795829670e+00,3.207761545126285974e+00,3.235100743492848263e+00,3.263558267752315611e+00,3.245000648978924929e+00,3.249181280153162987e+00,3.257521050398579643e+00,3.267397152796726267e+00,3.278115492780401485e+00,3.289708699385126778e+00,3.302990475985323027e+00,3.321159420049892841e+00
2.560330932197247389e+00,2.563466723387419766e+00,2.565948856538073919e+00,2.567674705124119328e+00,2.568521707929724229e+00,2.568342832908063755e+00,2.566960761298208826e+00,2.564160356765121218e+00,2.559678805492226594e+00,2.553192546091701320e+00,2.544299700753702709e+00,2.532496082225998535e+00,2.517141828082209098e+00,2.497414017269342867e+00,2.472237706546565938e+00,2.440182589730177209e+00,2.399302608447961838e+00,2.346876074928322620e+00,2.278961337899483741e+00,2.189583021198752366e+00,2.069100587230956467e+00,1.900505457981934043e+00,1.649340421116001210e+00,1.226618113516549258e+00,2.195491489209207003e-01,3.163488285287838764e-01,1.522172233681975406e+00,2.167804907081578136e+00,2.818684167283836750e+00,3.130309368136264592e+00,3.125584224945288980e+00,3.146350285563869864e+00,3.152466540660530114e+00,3.165531305964798481e+00,3.186114400268557745e+00,3.205171010372582341e+00,3.209285710304283334e+00,3.218686369436481343e+00,3.278430363641178680e+00,3.245337983430352402e+00,3.249395766051353274e+00,3.262329595382944092e+00,3.282790480446085457e+00,3.411442231630332778e+00,3.299540074449004656e+00,3.298536809246665147e+00,3.303768015997630592e+00,3.310994439112477927e+00,3.319062754558717909e+00,3.327593863592327228e+00
2.532776536530204847e+00,2.534905744258801441e+00,2.536345636649882440e+00,2.536990840881574449e+00,2.536715941036782773e+00,2.535370945371890006e+00,2.532775481531370332e+00,2.528711287301879551e+00,2.522912386611598112e+00,2.515052074592792675e+00,2.504725429459398356e+00,2.491425433562289182e+00,2.474509763960826891e+00,2.453153616218306521e+00,2.426281004217949899e+00,2.392461732700659649e+00,2.349751336259251033e+00,2.295431444317459047e+00,2.225565356888063562e+00,2.134183300164183006e+00,2.011647873329779568e+00,1.840943179776762584e+00,1.587575192851242711e+00,1.162445484947388863e+00,1.524705594333291003e-01,2.450977714406459285e-01,1.443295318433699848e+00,2.069664898637680661e+00,2.576637497862952486e+00,3.084833429921065129e+00,3.159999909408182983e+00,3.211665414899866899e+00,3.198895466794544173e+00,3.212043061833660396e+00,3.222864039515277668e+00,3.260810344739786260e+00,3.246559484539732754e+00,3.290779586315779159e+00,3.265592768836358406e+00,3.281399444757119532e+00,3.421748380409429302e+00,3.299534920404059157e+00,3.302338783369223485e+00,3.311976119326106360e+00,3.325958809860094068e+00,3.350556722375886309e+00,3.367437483943573007e+00,3.348797818826979800e+00,3.349274510738491362e+00,3.353637716390662771e+00
2.502529700855868455e+00,2.503584674808312371e+00,2.503912027555959430e+00,2.503403513592940222e+00,2.501930719571371586e+00,2.499340534022378879e+00,2.495449352314986768e+00,2.490035587242552584e+00,2.482829878702636606e+00,2.473502131275427729e+00,2.461644103942514761e+00,2.446745642516710895e+00,2.428161625024483072e+00,2.405064994691973990e+00,2.376378333185231728e+00,2.340671174196033544e+00,2.296000335728206831e+00,2.239650669540254491e+00,2.167690848097689305e+00,2.074158267395978861e+00,1.949422696306161384e+00,1.776470215763772842e+00,1.520790651233269841e+00,1.093220602713271816e+00,8.048947093592051516e-02,1.695494725699830951e-01,1.362023437103018431e+00,1.976219870341300755e+00,2.441635619113576627e+00,3.026032196331753354e+00,3.190898106571206316e+00,3.235844278850831923e+00,3.264075779481316442e+00,3.257386438642497328e+00,3.267864997849243114e+00,3.283310605980914509e+00,3.312727614301006707e+00,3.297001286369155792e+00,3.318142803651516370e+00,3.325482167564612013e+00,3.321873261379514997e+00,3.336287362847819349e+00,3.395315130014143978e+00,3.354061338485866628e+00,3.352842269939524389e+00,3.359021609495560057e+00,3.368242663695549144e+00,3.380748959721207481e+00,3.403352650056346018e+00,3.418720908321721819e+00
2.469075548380581964e+00,2.468978604801639332e+00,2.468112721113031593e+00,2.466366632095161382e+00,2.463608761171825812e+00,2.459682691061416016e+00,2.454401376420996872e+00,2.447539671574355147e+00,2.438824570444421802e+00,2.427922292385869873e+00,2.414420944612280628e+00,2.397806860128452122e+00,2.377431691847813777e+00,2.352465649911229306e+00,2.321829348007931504e+00,2.284091469357220738e+00,2.237309530468526209e+00,2.178771111539242078e+00,2.104550074549841998e+00,2.008691592125486203e+00,1.881575022136691366e+00,1.706194836312722174e+00,1.448039842019123391e+00,1.017916108278550169e+00,2.445126573750400212e-03,8.827681417766530814e-02,1.276223937013286402e+00,1.882256782895026959e+00,2.327015082056401507e+00,2.729769391721938554e+00,3.172762154930603984e+00,3.268481184437663334e+00,3.289366230557173143e+00,3.315460019492969312e+00,3.315116928891789438e+00,3.326964559423001955e+00,3.386546551427263019e+00,3.341224110237410727e+00,3.368769522283677098e+00,3.354550866049254676e+00,3.382353830477611289e+00,3.378599344719036779e+00,3.375248237507333382e+00,3.385233424708055772e+00,3.409204320383125264e+00,3.416889947445039599e+00,3.403538305531270680e+00,3.405454239303343122e+00,3.411016239132059091e+00,3.418426565813187601e+00
2.431760773119575170e+00,2.430422471505659487e+00,2.428270475226389280e+00,2.425190330923216120e+00,2.421047109220096694e+00,2.415680874224484409e+00,2.408900901102158265e+00,2.400478217363025024e+00,2.390135868440818268e+00,2.377536045930861874e+00,2.362262815406720229e+00,2.343798550906797118e+00,2.321491167280745227e+00,2.294507550437816512e+00,2.261765666450652912e+00,2.221832575645178220e+00,2.172765640570100576e+00,2.111854290816984836e+00,2.035176816467670680e+00,1.936785862710091344e+00,1.807071285122283655e+00,1.629039708311053047e+00,1.368189092614720437e+00,9.353194034210323693e-01,-8.299898135324657034e-02,-2.837158895330205155e-04,1.183814049960678183e+00,1.783990765374811716e+00,2.216897560194244665e+00,2.582209340006033305e+00,2.978030904841079352e+00,3.273361388346109457e+00,3.326146651772284635e+00,3.348840728088814611e+00,3.397006064637530631e+00,3.385362172422671900e+00,3.445633631874271519e+00,3.390199455428042352e+00,3.395410679643821705e+00,3.406463991187585805e+00,3.414953559514576131e+00,3.409886770092953157e+00,3.430281601540515091e+00,3.439170590862251853e+00,3.427497836418249122e+00,3.432279437103735287e+00,3.443513668735851407e+00,3.472330794109351970e+00,3.463913852297431095e+00,3.454246060301215948e+00
2.389746499415597469e+00,2.387063437328686977e+00,2.383518006401054823e+00,2.378992374478178462e+00,2.373348045349962909e+00,2.366421324478081178e+00,2.358017538071792707e+00,2.347903583482076506e+00,2.335798214685257612e+00,2.321359205546638105e+00,2.304166133606083466e+00,2.283696899222290799e+00,2.259295081410483963e+00,2.230123543387429130e+00,2.195096784724881900e+00,2.152779284508493429e+00,2.101227142374088253e+00,2.037730391106998162e+00,1.958370439631345938e+00,1.857206245943008760e+00,1.724637667987310330e+00,1.543684817393772057e+00,1.279860535967095814e+00,8.439744437710965386e-01,-1.774157438735555203e-01,-9.790404458653867437e-02,1.082617790416268377e+00,1.678180156826259761e+00,2.103545814297490324e+00,2.451877776701675948e+00,2.771643388817496945e+00,3.184377526108604251e+00,3.349086877801881190e+00,3.384856203140240272e+00,3.401753833015028761e+00,3.425060261299173625e+00,3.436701579642218896e+00,3.432755551033239705e+00,3.440626032221575148e+00,3.464247183519243212e+00,3.449837727308116442e+00,3.461831369300780725e+00,3.475391217636903285e+00,3.463136166574385832e+00,3.472862993738816240e+00,3.525423100480495453e+00,3.483871089484911199e+00,3.480845324777912086e+00,3.485406774817711995e+00,3.494082251884945922e+00
2.341941457525109627e+00,2.337793462634866870e+00,2.332729959221418348e+00,2.326629523038101333e+00,2.319349852438080006e+00,2.310723227198369756e+00,2.300550725037155075e+00,2.288594775859897901e+00,2.274569460343068172e+00,2.258127699419555157e+00,2.238844082658135282e+00,2.216191457430755740e+00,2.189508389581016790e+00,2.157952920870478852e+00,2.120435135742037236e+00,2.075515800935263222e+00,2.021248406551094057e+00,1.954922003169878408e+00,1.872619305030257308e+00,1.768403639427424068e+00,1.632683094335009244e+00,1.448490417470715386e+00,1.181355127553940676e+00,7.421047837042484829e-01,-2.826922463860803703e-01,-2.066485044264494420e-01,9.702434844897540600e-01,1.561700728183260445e+00,1.981612146562900634e+00,2.320584419450370639e+00,2.617403463161115607e+00,2.904983285966340478e+00,3.307676398710049259e+00,3.409554644384355182e+00,3.433757626928432227e+00,3.514211018161649047e+00,3.472288866784693173e+00,3.481129038614913185e+00,3.507793079102372147e+00,3.500307282364583550e+00,3.496256005234704034e+00,3.516089460900800212e+00,3.508214648933331681e+00,3.510087512745339033e+00,3.565281883114185923e+00,3.519784472985044488e+00,3.519317030154818671e+00,3.529288999902980617e+00,3.574210817943341834e+00,3.538574323245759601e+00
2.286905612943795685e+00,2.281152190179012162e+00,2.274425051391903541e+00,2.266598945218726957e+00,2.257527502862584523e+00,2.247038686455416379e+00,2.234928998421439328e+00,2.220956033628859849e+00,2.204828783359236155e+00,2.186194840982078613e+00,2.164623261862200998e+00,2.139581205540030506e+00,2.110401479159239813e+00,2.076236418398178074e+00,2.035990632804587364e+00,1.988219897390933966e+00,1.930973541532433835e+00,1.861537755303879216e+00,1.775994307981063614e+00,1.668408272481931576e+00,1.529193086253958889e+00,1.341391392214295486e+00,1.070547808776797893e+00,6.275098177870495064e-01,-4.011326155513597058e-01,-3.289785330790611084e-01,8.439598311373668338e-01,1.431285480225672480e+00,1.846528081571992885e+00,2.179281914901854744e+00,2.465315043784682025e+00,2.725466143165788502e+00,2.983492748118509841e+00,3.320933184754642831e+00,3.436511181683970850e+00,3.491291924708268546e+00,3.505333954301173005e+00,3.519913629604574989e+00,3.529951846993247155e+00,3.536116033413946091e+00,3.562018420855644685e+00,3.552142079075699233e+00,3.558948915483006736e+00,3.557900055351133961e+00,3.596143500426226769e+00,3.562327979824964963e+00,3.569305955337852332e+00,3.632342828121699618e+00,3.575938466969746266e+00,3.573456132789225137e+00
2.222708635840054736e+00,2.215184526179512225e+00,2.206622784444473240e+00,2.196894079149645851e+00,2.185847694219004378e+00,2.173306963042249240e+00,2.159063465726601461e+00,2.142869572731948224e+00,2.124428745870093671e+00,2.103382749253939643e+00,2.079294526430703449e+00,2.051624876800282937e+00,2.019700057157439943e+00,1.982665753850689327e+00,1.939419964755053627e+00,1.888512089044231956e+00,1.827985596477065044e+00,1.755121721864483675e+00,1.665998708952271201e+00,1.554680227205423648e+00,1.411581311626939339e+00,1.219750254466864803e+00,9.447424948703613268e-01,4.974223881808823577e-01,-5.355972891174491934e-01,-4.678896797816856079e-01,7.005524980741650865e-01,1.283320538418853296e+00,1.693840381417537344e+00,2.021360662618242987e+00,2.300660710646179385e+00,2.549642790648983137e+00,2.780621338284641197e+00,3.008690575577136705e+00,3.327350842192873248e+00,3.463862249033530016e+00,3.529459566430674045e+00,3.547471081112951286e+00,3.568431449372895692e+00,3.582269233297930455e+00,3.586716075971884354e+00,3.598349012634302291e+00,3.624283053707775704e+00,3.603227978040002277e+00,3.633009051909497522e+00,3.612635720251999860e+00,3.617019187455193574e+00,3.677470595245259766e+00,3.620486049179350463e+00,3.621871896852709938e+00
2.146718062166400820e+00,2.137227825801537584e+00,2.126629696226418620e+00,2.114789999981183222e+00,2.101553385882319880e+00,2.086738240891573337e+00,2.070130870232758546e+00,2.051478025975290276e+00,2.030477196519004046e+00,2.006763811595668745e+00,1.979894121832872500e+00,1.949321889849961131e+00,1.914366024015101253e+00,1.874164607545182548e+00,1.827607871842310772e+00,1.773237425008414192e+00,1.709089124337229926e+00,1.632437060542994978e+00,1.539353205665356938e+00,1.423896381097804031e+00,1.276478931297912567e+00,1.080149561546799752e+00,8.004683889072881087e-01,3.483100186683332211e-01,-6.896957394083900184e-01,-6.270977219744775510e-01,5.361412376595620088e-01,1.113640740488350822e+00,1.518833509233816770e+00,1.840903800032180904e+00,2.114373963643483290e+00,2.356382353761383275e+00,2.577021921959829598e+00,2.783641252196281890e+00,2.984392628175324802e+00,3.199507220489215875e+00,3.472304686195056611e+00,3.536291339085507524e+00,3.729819595483277794e+00,3.605334191760434681e+00,3.620389495416713288e+00,3.634083448790385695e+00,3.657976472040078253e+00,3.663289522667867892e+00,3.654484633990474407e+00,3.691520310981318609e+00,3.663105089074575993e+00,3.675032967086329982e+00,3.681102953011494261e+00,3.670663071579598924e+00
2.055276005648189130e+00,2.043587744226906366e+00,2.030714440851911995e+00,2.016517828007412749e+00,2.000837645072987669e+00,1.983487032477540879e+00,1.964246690063240486e+00,1.942857384543332344e+00,1.919010219448550103e+00,1.892333823541634708e+00,1.862377218660230760e+00,1.828586506620662355e+00,1.790272509987662630e+00,1.746564824433503027e+00,1.696344838452413128e+00,1.638145040675936137e+00,1.569992016084662545e+00,1.489150615481601214e+00,1.391683871904169756e+00,1.271642348238843923e+00,1.119431335914296000e+00,9.180944027373012517e-01,6.331893792442819802e-01,1.755926234541149711e-01,-8.680588375530460254e-01,-8.112996234607772195e-01,3.459299101571877699e-01,9.172801434777193563e-01,1.316219537572711928e+00,1.631961507670536271e+00,1.899020436459987415e+00,2.134414528743700856e+00,2.347818254317024067e+00,2.545357686889487159e+00,2.731447637544170526e+00,2.910160909585999267e+00,3.087531429258820737e+00,3.282639433414554553e+00,3.538721698612369959e+00,3.631932666228566919e+00,3.618628534306281619e+00,3.653208469562625904e+00,3.675181497650134244e+00,3.683399259333223430e+00,3.693316600125428728e+00,3.747123580926418285e+00,3.708710893037895140e+00,3.728354315703017896e+00,3.717631826122851812e+00,3.792381180827080644e+00
